Disease,symptoms
aids," muscle_wasting, patches_in_throat, extra_marital_contacts"
aids," muscle_wasting, patches_in_throat, high_fever, extra_marital_contacts"
aids," patches_in_throat, high_fever, extra_marital_contacts"
aids," muscle_wasting, patches_in_throat, high_fever"
aids," muscle_wasting, high_fever, extra_marital_contacts"
acne," skin_rash, pus_filled_pimples, scurring"
acne," skin_rash, blackheads, scurring"
acne," pus_filled_pimples, blackheads, scurring"
acne," skin_rash, pus_filled_pimples, blackheads"
acne," skin_rash, pus_filled_pimples, blackheads, scurring"
alcoholic hepatitis," vomiting, yellowish_skin, swelling_of_stomach, distention_of_abdomen, history_of_alcohol_consumption, fluid_overload"
alcoholic hepatitis," vomiting, yellowish_skin, abdominal_pain, distention_of_abdomen, history_of_alcohol_consumption, fluid_overload"
alcoholic hepatitis," vomiting, yellowish_skin, abdominal_pain, swelling_of_stomach, distention_of_abdomen, fluid_overload"
alcoholic hepatitis," vomiting, yellowish_skin, abdominal_pain, swelling_of_stomach, distention_of_abdomen, history_of_alcohol_consumption, fluid_overload"
alcoholic hepatitis," yellowish_skin, abdominal_pain, swelling_of_stomach, distention_of_abdomen, history_of_alcohol_consumption, fluid_overload"
alcoholic hepatitis," vomiting, yellowish_skin, abdominal_pain, swelling_of_stomach, history_of_alcohol_consumption, fluid_overload"
alcoholic hepatitis," vomiting, abdominal_pain, swelling_of_stomach, distention_of_abdomen, history_of_alcohol_consumption, fluid_overload"
alcoholic hepatitis," vomiting, yellowish_skin, abdominal_pain, swelling_of_stomach, distention_of_abdomen, history_of_alcohol_consumption"
allergy," shivering, chills, watering_from_eyes"
allergy," continuous_sneezing, shivering, watering_from_eyes"
allergy," continuous_sneezing, shivering, chills"
allergy," continuous_sneezing, shivering, chills, watering_from_eyes"
allergy," continuous_sneezing, chills, watering_from_eyes"
arthritis," muscle_weakness, stiff_neck, swelling_joints, painful_walking"
arthritis," muscle_weakness, stiff_neck, swelling_joints, movement_stiffness"
arthritis," muscle_weakness, stiff_neck, movement_stiffness, painful_walking"
arthritis," muscle_weakness, stiff_neck, swelling_joints, movement_stiffness, painful_walking"
arthritis," stiff_neck, swelling_joints, movement_stiffness, painful_walking"
arthritis," muscle_weakness, swelling_joints, movement_stiffness, painful_walking"
bronchial asthma," fatigue, cough, high_fever, breathlessness, mucoid_sputum"
bronchial asthma," fatigue, cough, high_fever, breathlessness, family_history, mucoid_sputum"
bronchial asthma," cough, high_fever, breathlessness, family_history, mucoid_sputum"
bronchial asthma," fatigue, cough, high_fever, family_history, mucoid_sputum"
bronchial asthma," fatigue, cough, high_fever, breathlessness, family_history"
bronchial asthma," fatigue, high_fever, breathlessness, family_history, mucoid_sputum"
bronchial asthma," fatigue, cough, breathlessness, family_history, mucoid_sputum"
cervical spondylosis," back_pain, weakness_in_limbs, neck_pain, loss_of_balance"
cervical spondylosis," weakness_in_limbs, neck_pain, dizziness, loss_of_balance"
cervical spondylosis," back_pain, weakness_in_limbs, neck_pain, dizziness"
cervical spondylosis," back_pain, neck_pain, dizziness, loss_of_balance"
cervical spondylosis," back_pain, weakness_in_limbs, dizziness, loss_of_balance"
cervical spondylosis," back_pain, weakness_in_limbs, neck_pain, dizziness, loss_of_balance"
chicken pox,"itching, skin_rash, fatigue, lethargy, high_fever, headache, mild_fever, swelled_lymph_nodes, malaise, red_spots_over_body"
chicken pox,"itching, skin_rash, lethargy, high_fever, headache, loss_of_appetite, mild_fever, swelled_lymph_nodes, malaise, red_spots_over_body"
chicken pox,"itching, fatigue, lethargy, high_fever, headache, loss_of_appetite, mild_fever, swelled_lymph_nodes, malaise, red_spots_over_body"
chicken pox,"itching, skin_rash, fatigue, lethargy, high_fever, loss_of_appetite, mild_fever, swelled_lymph_nodes, malaise, red_spots_over_body"
chicken pox," skin_rash, fatigue, lethargy, high_fever, headache, loss_of_appetite, mild_fever, swelled_lymph_nodes, malaise, red_spots_over_body"
chicken pox,"itching, skin_rash, fatigue, lethargy, high_fever, headache, loss_of_appetite, mild_fever, swelled_lymph_nodes, malaise, red_spots_over_body"
chicken pox,"itching, skin_rash, fatigue, lethargy, headache, loss_of_appetite, mild_fever, swelled_lymph_nodes, malaise, red_spots_over_body"
chicken pox,"itching, skin_rash, fatigue, high_fever, headache, loss_of_appetite, mild_fever, swelled_lymph_nodes, malaise, red_spots_over_body"
chicken pox,"itching, skin_rash, fatigue, lethargy, high_fever, headache, loss_of_appetite, swelled_lymph_nodes, malaise, red_spots_over_body"
chicken pox,"itching, skin_rash, fatigue, lethargy, high_fever, headache, loss_of_appetite, mild_fever, malaise, red_spots_over_body"
chronic cholestasis,"itching, yellowish_skin, nausea, loss_of_appetite, abdominal_pain, yellowing_of_eyes"
chronic cholestasis,"itching, vomiting, yellowish_skin, nausea, abdominal_pain, yellowing_of_eyes"
chronic cholestasis," vomiting, yellowish_skin, nausea, loss_of_appetite, abdominal_pain, yellowing_of_eyes"
chronic cholestasis,"itching, vomiting, yellowish_skin, nausea, loss_of_appetite, abdominal_pain, yellowing_of_eyes"
chronic cholestasis,"itching, vomiting, yellowish_skin, nausea, loss_of_appetite, yellowing_of_eyes"
chronic cholestasis,"itching, vomiting, yellowish_skin, nausea, loss_of_appetite, abdominal_pain"
chronic cholestasis,"itching, vomiting, nausea, loss_of_appetite, abdominal_pain, yellowing_of_eyes"
chronic cholestasis,"itching, vomiting, yellowish_skin, loss_of_appetite, abdominal_pain, yellowing_of_eyes"
common cold," continuous_sneezing, chills, fatigue, cough, high_fever, headache, swelled_lymph_nodes, phlegm, throat_irritation, redness_of_eyes, sinus_pressure, runny_nose, congestion, chest_pain, loss_of_smell, muscle_pain"
common cold," continuous_sneezing, chills, fatigue, cough, high_fever, swelled_lymph_nodes, malaise, phlegm, throat_irritation, redness_of_eyes, sinus_pressure, runny_nose, congestion, chest_pain, loss_of_smell, muscle_pain"
common cold," continuous_sneezing, chills, fatigue, cough, headache, swelled_lymph_nodes, malaise, phlegm, throat_irritation, redness_of_eyes, sinus_pressure, runny_nose, congestion, chest_pain, loss_of_smell, muscle_pain"
common cold," continuous_sneezing, chills, fatigue, high_fever, headache, swelled_lymph_nodes, malaise, phlegm, throat_irritation, redness_of_eyes, sinus_pressure, runny_nose, congestion, chest_pain, loss_of_smell, muscle_pain"
common cold," continuous_sneezing, chills, cough, high_fever, headache, swelled_lymph_nodes, malaise, phlegm, throat_irritation, redness_of_eyes, sinus_pressure, runny_nose, congestion, chest_pain, loss_of_smell, muscle_pain"
common cold," continuous_sneezing, fatigue, cough, high_fever, headache, swelled_lymph_nodes, malaise, phlegm, throat_irritation, redness_of_eyes, sinus_pressure, runny_nose, congestion, chest_pain, loss_of_smell, muscle_pain"
common cold," chills, fatigue, cough, high_fever, headache, swelled_lymph_nodes, malaise, phlegm, throat_irritation, redness_of_eyes, sinus_pressure, runny_nose, congestion, chest_pain, loss_of_smell, muscle_pain"
common cold," continuous_sneezing, chills, fatigue, cough, high_fever, headache, swelled_lymph_nodes, malaise, phlegm, throat_irritation, redness_of_eyes, sinus_pressure, runny_nose, congestion, chest_pain, loss_of_smell, muscle_pain"
common cold," continuous_sneezing, chills, fatigue, cough, high_fever, headache, malaise, phlegm, throat_irritation, redness_of_eyes, sinus_pressure, runny_nose, congestion, chest_pain, loss_of_smell, muscle_pain"
dengue," skin_rash, chills, joint_pain, vomiting, fatigue, high_fever, headache, nausea, loss_of_appetite, pain_behind_the_eyes, back_pain, malaise, muscle_pain"
dengue," skin_rash, chills, joint_pain, vomiting, fatigue, high_fever, headache, nausea, loss_of_appetite, pain_behind_the_eyes, back_pain, malaise, muscle_pain, red_spots_over_body"
dengue," skin_rash, chills, joint_pain, vomiting, fatigue, high_fever, headache, nausea, loss_of_appetite, pain_behind_the_eyes, back_pain, malaise, red_spots_over_body"
dengue," skin_rash, chills, joint_pain, vomiting, fatigue, high_fever, headache, nausea, loss_of_appetite, pain_behind_the_eyes, back_pain, muscle_pain, red_spots_over_body"
dengue," chills, joint_pain, vomiting, fatigue, high_fever, headache, nausea, loss_of_appetite, pain_behind_the_eyes, back_pain, malaise, muscle_pain, red_spots_over_body"
dengue," skin_rash, joint_pain, vomiting, fatigue, high_fever, headache, nausea, loss_of_appetite, pain_behind_the_eyes, back_pain, malaise, muscle_pain, red_spots_over_body"
dengue," skin_rash, chills, joint_pain, vomiting, fatigue, headache, nausea, loss_of_appetite, pain_behind_the_eyes, back_pain, malaise, muscle_pain, red_spots_over_body"
dengue," skin_rash, chills, joint_pain, vomiting, high_fever, headache, nausea, loss_of_appetite, pain_behind_the_eyes, back_pain, malaise, muscle_pain, red_spots_over_body"
dengue," skin_rash, chills, vomiting, fatigue, high_fever, headache, nausea, loss_of_appetite, pain_behind_the_eyes, back_pain, malaise, muscle_pain, red_spots_over_body"
dengue," skin_rash, chills, joint_pain, fatigue, high_fever, headache, nausea, loss_of_appetite, pain_behind_the_eyes, back_pain, malaise, muscle_pain, red_spots_over_body"
diabetes ," fatigue, weight_loss, restlessness, irregular_sugar_level, blurred_and_distorted_vision, obesity, excessive_hunger, increased_appetite, polyuria"
diabetes ," fatigue, weight_loss, restlessness, lethargy, irregular_sugar_level, obesity, excessive_hunger, increased_appetite, polyuria"
diabetes ," fatigue, weight_loss, restlessness, lethargy, irregular_sugar_level, blurred_and_distorted_vision, excessive_hunger, increased_appetite, polyuria"
diabetes ," fatigue, weight_loss, restlessness, lethargy, irregular_sugar_level, blurred_and_distorted_vision, obesity, increased_appetite, polyuria"
diabetes ," fatigue, weight_loss, lethargy, irregular_sugar_level, blurred_and_distorted_vision, obesity, excessive_hunger, increased_appetite, polyuria"
diabetes ," fatigue, restlessness, lethargy, irregular_sugar_level, blurred_and_distorted_vision, obesity, excessive_hunger, increased_appetite, polyuria"
diabetes ," fatigue, weight_loss, restlessness, lethargy, irregular_sugar_level, blurred_and_distorted_vision, obesity, excessive_hunger, increased_appetite, polyuria"
diabetes ," fatigue, weight_loss, restlessness, lethargy, blurred_and_distorted_vision, obesity, excessive_hunger, increased_appetite, polyuria"
diabetes ," weight_loss, restlessness, lethargy, irregular_sugar_level, blurred_and_distorted_vision, obesity, excessive_hunger, increased_appetite, polyuria"
dimorphic hemmorhoids(piles)," constipation, pain_during_bowel_movements, pain_in_anal_region, irritation_in_anus"
dimorphic hemmorhoids(piles)," pain_during_bowel_movements, pain_in_anal_region, bloody_stool, irritation_in_anus"
dimorphic hemmorhoids(piles)," constipation, pain_during_bowel_movements, pain_in_anal_region, bloody_stool"
dimorphic hemmorhoids(piles)," constipation, pain_in_anal_region, bloody_stool, irritation_in_anus"
dimorphic hemmorhoids(piles)," constipation, pain_during_bowel_movements, bloody_stool, irritation_in_anus"
dimorphic hemmorhoids(piles)," constipation, pain_during_bowel_movements, pain_in_anal_region, bloody_stool, irritation_in_anus"
drug reaction,"itching, stomach_pain, burning_micturition, spotting_ urination"
drug reaction,"itching, skin_rash, stomach_pain, burning_micturition"
drug reaction," skin_rash, stomach_pain, burning_micturition, spotting_ urination"
drug reaction,"itching, skin_rash, stomach_pain, spotting_ urination"
drug reaction,"itching, skin_rash, burning_micturition, spotting_ urination"
drug reaction,"itching, skin_rash, stomach_pain, burning_micturition, spotting_ urination"
fungal infection," skin_rash, nodal_skin_eruptions, dischromic _patches"
fungal infection,"itching, skin_rash, nodal_skin_eruptions, dischromic _patches"
fungal infection,"itching, nodal_skin_eruptions, dischromic _patches"
fungal infection,"itching, skin_rash, nodal_skin_eruptions"
fungal infection,"itching, skin_rash, dischromic _patches"
gerd," acidity, ulcers_on_tongue, vomiting, cough, chest_pain"
gerd," stomach_pain, acidity, ulcers_on_tongue, vomiting, chest_pain"
gerd," stomach_pain, acidity, ulcers_on_tongue, cough, chest_pain"
gerd," stomach_pain, ulcers_on_tongue, vomiting, cough, chest_pain"
gerd," stomach_pain, acidity, ulcers_on_tongue, vomiting, cough, chest_pain"
gerd," stomach_pain, acidity, ulcers_on_tongue, vomiting, cough"
gerd," stomach_pain, acidity, vomiting, cough, chest_pain"
gastroenteritis," vomiting, sunken_eyes, dehydration, diarrhoea"
gastroenteritis," vomiting, sunken_eyes, diarrhoea"
gastroenteritis," vomiting, sunken_eyes, dehydration"
gastroenteritis," sunken_eyes, dehydration, diarrhoea"
gastroenteritis," vomiting, dehydration, diarrhoea"
heart attack," vomiting, breathlessness, sweating, chest_pain"
heart attack," vomiting, breathlessness, chest_pain"
heart attack," vomiting, sweating, chest_pain"
heart attack," breathlessness, sweating, chest_pain"
heart attack," vomiting, breathlessness, sweating"
hepatitis b,"itching, fatigue, lethargy, yellowish_skin, dark_urine, abdominal_pain, yellow_urine, yellowing_of_eyes, malaise, receiving_blood_transfusion, receiving_unsterile_injections"
hepatitis b,"itching, fatigue, lethargy, yellowish_skin, dark_urine, loss_of_appetite, yellow_urine, yellowing_of_eyes, malaise, receiving_blood_transfusion, receiving_unsterile_injections"
hepatitis b,"itching, fatigue, lethargy, yellowish_skin, dark_urine, loss_of_appetite, abdominal_pain, yellowing_of_eyes, malaise, receiving_blood_transfusion, receiving_unsterile_injections"
hepatitis b,"itching, fatigue, lethargy, yellowish_skin, dark_urine, loss_of_appetite, abdominal_pain, yellow_urine, yellowing_of_eyes, malaise, receiving_blood_transfusion, receiving_unsterile_injections"
hepatitis b,"itching, fatigue, lethargy, dark_urine, loss_of_appetite, abdominal_pain, yellow_urine, yellowing_of_eyes, malaise, receiving_blood_transfusion, receiving_unsterile_injections"
hepatitis b," fatigue, lethargy, yellowish_skin, dark_urine, loss_of_appetite, abdominal_pain, yellow_urine, yellowing_of_eyes, malaise, receiving_blood_transfusion, receiving_unsterile_injections"
hepatitis b,"itching, fatigue, yellowish_skin, dark_urine, loss_of_appetite, abdominal_pain, yellow_urine, yellowing_of_eyes, malaise, receiving_blood_transfusion, receiving_unsterile_injections"
hepatitis b,"itching, fatigue, lethargy, yellowish_skin, loss_of_appetite, abdominal_pain, yellow_urine, yellowing_of_eyes, malaise, receiving_blood_transfusion, receiving_unsterile_injections"
hepatitis b,"itching, lethargy, yellowish_skin, dark_urine, loss_of_appetite, abdominal_pain, yellow_urine, yellowing_of_eyes, malaise, receiving_blood_transfusion, receiving_unsterile_injections"
hepatitis c," fatigue, yellowish_skin, nausea, loss_of_appetite, yellowing_of_eyes"
hepatitis c," yellowish_skin, nausea, loss_of_appetite, yellowing_of_eyes, family_history"
hepatitis c," fatigue, yellowish_skin, nausea, loss_of_appetite, family_history"
hepatitis c," fatigue, yellowish_skin, nausea, yellowing_of_eyes, family_history"
hepatitis c," fatigue, yellowish_skin, nausea, loss_of_appetite, yellowing_of_eyes, family_history"
hepatitis c," fatigue, yellowish_skin, loss_of_appetite, yellowing_of_eyes, family_history"
hepatitis c," fatigue, nausea, loss_of_appetite, yellowing_of_eyes, family_history"
hepatitis d," vomiting, fatigue, yellowish_skin, dark_urine, nausea, loss_of_appetite, abdominal_pain, yellowing_of_eyes"
hepatitis d," joint_pain, fatigue, yellowish_skin, dark_urine, nausea, loss_of_appetite, abdominal_pain, yellowing_of_eyes"
hepatitis d," joint_pain, vomiting, yellowish_skin, dark_urine, nausea, loss_of_appetite, abdominal_pain, yellowing_of_eyes"
hepatitis d," joint_pain, vomiting, fatigue, dark_urine, nausea, loss_of_appetite, abdominal_pain, yellowing_of_eyes"
hepatitis d," joint_pain, vomiting, fatigue, yellowish_skin, dark_urine, loss_of_appetite, abdominal_pain, yellowing_of_eyes"
hepatitis d," joint_pain, vomiting, fatigue, yellowish_skin, dark_urine, nausea, loss_of_appetite, yellowing_of_eyes"
hepatitis d," joint_pain, vomiting, fatigue, yellowish_skin, dark_urine, nausea, loss_of_appetite, abdominal_pain, yellowing_of_eyes"
hepatitis d," joint_pain, vomiting, fatigue, yellowish_skin, dark_urine, nausea, abdominal_pain, yellowing_of_eyes"
hepatitis d," joint_pain, vomiting, fatigue, yellowish_skin, nausea, loss_of_appetite, abdominal_pain, yellowing_of_eyes"
hepatitis d," joint_pain, vomiting, fatigue, yellowish_skin, dark_urine, nausea, loss_of_appetite, abdominal_pain"
hepatitis e," vomiting, fatigue, high_fever, yellowish_skin, dark_urine, nausea, loss_of_appetite, abdominal_pain, yellowing_of_eyes, acute_liver_failure, coma, stomach_bleeding"
hepatitis e," joint_pain, fatigue, high_fever, yellowish_skin, dark_urine, nausea, loss_of_appetite, abdominal_pain, yellowing_of_eyes, acute_liver_failure, coma, stomach_bleeding"
hepatitis e," joint_pain, vomiting, fatigue, high_fever, yellowish_skin, nausea, loss_of_appetite, abdominal_pain, yellowing_of_eyes, acute_liver_failure, coma, stomach_bleeding"
hepatitis e," joint_pain, vomiting, fatigue, yellowish_skin, dark_urine, nausea, loss_of_appetite, abdominal_pain, yellowing_of_eyes, acute_liver_failure, coma, stomach_bleeding"
hepatitis e," joint_pain, vomiting, fatigue, high_fever, dark_urine, nausea, loss_of_appetite, abdominal_pain, yellowing_of_eyes, acute_liver_failure, coma, stomach_bleeding"
hepatitis e," joint_pain, vomiting, high_fever, yellowish_skin, dark_urine, nausea, loss_of_appetite, abdominal_pain, yellowing_of_eyes, acute_liver_failure, coma, stomach_bleeding"
hepatitis e," joint_pain, vomiting, fatigue, high_fever, yellowish_skin, dark_urine, nausea, loss_of_appetite, abdominal_pain, yellowing_of_eyes, acute_liver_failure, coma, stomach_bleeding"
hepatitis e," joint_pain, vomiting, fatigue, high_fever, yellowish_skin, dark_urine, nausea, loss_of_appetite, abdominal_pain, yellowing_of_eyes, coma, stomach_bleeding"
hepatitis e," joint_pain, vomiting, fatigue, high_fever, yellowish_skin, dark_urine, loss_of_appetite, abdominal_pain, yellowing_of_eyes, acute_liver_failure, coma, stomach_bleeding"
hypertension ," headache, chest_pain, dizziness, loss_of_balance, lack_of_concentration"
hypertension ," headache, dizziness, loss_of_balance, lack_of_concentration"
hypertension ," headache, chest_pain, dizziness, loss_of_balance"
hypertension ," headache, chest_pain, dizziness, lack_of_concentration"
hypertension ," headache, chest_pain, loss_of_balance, lack_of_concentration"
hypertension ," chest_pain, dizziness, loss_of_balance, lack_of_concentration"
hyperthyroidism," fatigue, mood_swings, weight_loss, sweating, diarrhoea, fast_heart_rate, excessive_hunger, muscle_weakness, irritability, abnormal_menstruation"
hyperthyroidism," fatigue, mood_swings, weight_loss, restlessness, diarrhoea, fast_heart_rate, excessive_hunger, muscle_weakness, irritability, abnormal_menstruation"
hyperthyroidism," fatigue, mood_swings, weight_loss, restlessness, sweating, fast_heart_rate, excessive_hunger, muscle_weakness, irritability, abnormal_menstruation"
hyperthyroidism," fatigue, mood_swings, weight_loss, restlessness, sweating, diarrhoea, excessive_hunger, muscle_weakness, irritability, abnormal_menstruation"
hyperthyroidism," fatigue, weight_loss, restlessness, sweating, diarrhoea, fast_heart_rate, excessive_hunger, muscle_weakness, irritability, abnormal_menstruation"
hyperthyroidism," mood_swings, weight_loss, restlessness, sweating, diarrhoea, fast_heart_rate, excessive_hunger, muscle_weakness, irritability, abnormal_menstruation"
hyperthyroidism," fatigue, mood_swings, weight_loss, restlessness, sweating, diarrhoea, fast_heart_rate, excessive_hunger, muscle_weakness, irritability, abnormal_menstruation"
hyperthyroidism," fatigue, mood_swings, weight_loss, restlessness, sweating, diarrhoea, fast_heart_rate, muscle_weakness, irritability, abnormal_menstruation"
hyperthyroidism," fatigue, mood_swings, restlessness, sweating, diarrhoea, fast_heart_rate, excessive_hunger, muscle_weakness, irritability, abnormal_menstruation"
hypoglycemia," vomiting, fatigue, anxiety, sweating, headache, nausea, blurred_and_distorted_vision, excessive_hunger, drying_and_tingling_lips, slurred_speech, irritability, palpitations"
hypoglycemia," vomiting, fatigue, sweating, headache, nausea, blurred_and_distorted_vision, excessive_hunger, drying_and_tingling_lips, slurred_speech, irritability, palpitations"
hypoglycemia," vomiting, fatigue, anxiety, sweating, headache, nausea, blurred_and_distorted_vision, excessive_hunger, slurred_speech, irritability, palpitations"
hypoglycemia," vomiting, fatigue, anxiety, sweating, headache, blurred_and_distorted_vision, excessive_hunger, drying_and_tingling_lips, slurred_speech, irritability, palpitations"
hypoglycemia," fatigue, anxiety, sweating, headache, nausea, blurred_and_distorted_vision, excessive_hunger, drying_and_tingling_lips, slurred_speech, irritability, palpitations"
hypoglycemia," vomiting, anxiety, sweating, headache, nausea, blurred_and_distorted_vision, excessive_hunger, drying_and_tingling_lips, slurred_speech, irritability, palpitations"
hypoglycemia," vomiting, fatigue, anxiety, sweating, headache, nausea, excessive_hunger, drying_and_tingling_lips, slurred_speech, irritability, palpitations"
hypoglycemia," vomiting, fatigue, anxiety, headache, nausea, blurred_and_distorted_vision, excessive_hunger, drying_and_tingling_lips, slurred_speech, irritability, palpitations"
hypoglycemia," vomiting, fatigue, anxiety, sweating, nausea, blurred_and_distorted_vision, excessive_hunger, drying_and_tingling_lips, slurred_speech, irritability, palpitations"
hypothyroidism," fatigue, weight_gain, cold_hands_and_feets, mood_swings, lethargy, puffy_face_and_eyes, enlarged_thyroid, brittle_nails, swollen_extremeties, depression, irritability, abnormal_menstruation"
hypothyroidism," fatigue, cold_hands_and_feets, mood_swings, lethargy, dizziness, puffy_face_and_eyes, enlarged_thyroid, brittle_nails, swollen_extremeties, depression, irritability, abnormal_menstruation"
hypothyroidism," weight_gain, cold_hands_and_feets, mood_swings, lethargy, dizziness, puffy_face_and_eyes, enlarged_thyroid, brittle_nails, swollen_extremeties, depression, irritability, abnormal_menstruation"
hypothyroidism," fatigue, weight_gain, cold_hands_and_feets, mood_swings, lethargy, dizziness, puffy_face_and_eyes, enlarged_thyroid, brittle_nails, swollen_extremeties, depression, irritability, abnormal_menstruation"
hypothyroidism," fatigue, weight_gain, mood_swings, lethargy, dizziness, puffy_face_and_eyes, enlarged_thyroid, brittle_nails, swollen_extremeties, depression, irritability, abnormal_menstruation"
hypothyroidism," fatigue, weight_gain, cold_hands_and_feets, mood_swings, dizziness, puffy_face_and_eyes, enlarged_thyroid, brittle_nails, swollen_extremeties, depression, irritability, abnormal_menstruation"
hypothyroidism," fatigue, weight_gain, cold_hands_and_feets, lethargy, dizziness, puffy_face_and_eyes, enlarged_thyroid, brittle_nails, swollen_extremeties, depression, irritability, abnormal_menstruation"
hypothyroidism," fatigue, weight_gain, cold_hands_and_feets, mood_swings, lethargy, dizziness, enlarged_thyroid, brittle_nails, swollen_extremeties, depression, irritability, abnormal_menstruation"
impetigo," high_fever, blister, red_sore_around_nose, yellow_crust_ooze"
impetigo," skin_rash, blister, red_sore_around_nose, yellow_crust_ooze"
impetigo," skin_rash, high_fever, red_sore_around_nose, yellow_crust_ooze"
impetigo," skin_rash, high_fever, blister, red_sore_around_nose"
impetigo," skin_rash, high_fever, blister, yellow_crust_ooze"
impetigo," skin_rash, high_fever, blister, red_sore_around_nose, yellow_crust_ooze"
jaundice,"itching, vomiting, fatigue, weight_loss, high_fever, yellowish_skin, dark_urine, abdominal_pain"
jaundice,"itching, vomiting, fatigue, weight_loss, high_fever, yellowish_skin, dark_urine"
jaundice,"itching, vomiting, fatigue, weight_loss, high_fever, yellowish_skin, abdominal_pain"
jaundice,"itching, vomiting, fatigue, weight_loss, high_fever, dark_urine, abdominal_pain"
jaundice,"itching, vomiting, fatigue, high_fever, yellowish_skin, dark_urine, abdominal_pain"
jaundice,"itching, vomiting, weight_loss, high_fever, yellowish_skin, dark_urine, abdominal_pain"
jaundice,"itching, fatigue, weight_loss, high_fever, yellowish_skin, dark_urine, abdominal_pain"
jaundice," vomiting, fatigue, weight_loss, high_fever, yellowish_skin, dark_urine, abdominal_pain"
jaundice,"itching, vomiting, fatigue, weight_loss, yellowish_skin, dark_urine, abdominal_pain"
malaria," chills, vomiting, high_fever, sweating, nausea, diarrhoea, muscle_pain"
malaria," chills, vomiting, high_fever, sweating, headache, nausea, muscle_pain"
malaria," chills, vomiting, high_fever, sweating, headache, nausea, diarrhoea, muscle_pain"
malaria," vomiting, high_fever, sweating, headache, nausea, diarrhoea, muscle_pain"
malaria," chills, high_fever, sweating, headache, nausea, diarrhoea, muscle_pain"
malaria," chills, vomiting, high_fever, headache, nausea, diarrhoea, muscle_pain"
malaria," chills, vomiting, high_fever, sweating, headache, diarrhoea, muscle_pain"
malaria," chills, vomiting, sweating, headache, nausea, diarrhoea, muscle_pain"
migraine," indigestion, headache, blurred_and_distorted_vision, excessive_hunger, stiff_neck, depression, irritability, visual_disturbances"
migraine," acidity, headache, blurred_and_distorted_vision, excessive_hunger, stiff_neck, depression, irritability, visual_disturbances"
migraine," acidity, indigestion, headache, blurred_and_distorted_vision, excessive_hunger, stiff_neck, depression, irritability, visual_disturbances"
migraine," acidity, indigestion, headache, blurred_and_distorted_vision, excessive_hunger, stiff_neck, irritability, visual_disturbances"
migraine," acidity, indigestion, headache, blurred_and_distorted_vision, excessive_hunger, stiff_neck, depression, visual_disturbances"
migraine," acidity, indigestion, headache, blurred_and_distorted_vision, excessive_hunger, stiff_neck, depression, irritability"
migraine," acidity, indigestion, headache, blurred_and_distorted_vision, excessive_hunger, depression, irritability, visual_disturbances"
migraine," acidity, indigestion, headache, blurred_and_distorted_vision, stiff_neck, depression, irritability, visual_disturbances"
migraine," acidity, indigestion, headache, excessive_hunger, stiff_neck, depression, irritability, visual_disturbances"
migraine," acidity, indigestion, blurred_and_distorted_vision, excessive_hunger, stiff_neck, depression, irritability, visual_disturbances"
osteoarthristis," joint_pain, neck_pain, knee_pain, hip_joint_pain, swelling_joints, painful_walking"
osteoarthristis," neck_pain, knee_pain, hip_joint_pain, swelling_joints, painful_walking"
osteoarthristis," joint_pain, neck_pain, knee_pain, hip_joint_pain, swelling_joints"
osteoarthristis," joint_pain, neck_pain, knee_pain, swelling_joints, painful_walking"
osteoarthristis," joint_pain, neck_pain, knee_pain, hip_joint_pain, painful_walking"
osteoarthristis," joint_pain, knee_pain, hip_joint_pain, swelling_joints, painful_walking"
osteoarthristis," joint_pain, neck_pain, hip_joint_pain, swelling_joints, painful_walking"
paralysis (brain hemorrhage)," vomiting, headache, weakness_of_one_body_side"
paralysis (brain hemorrhage)," vomiting, headache, altered_sensorium"
paralysis (brain hemorrhage)," vomiting, weakness_of_one_body_side, altered_sensorium"
paralysis (brain hemorrhage)," headache, weakness_of_one_body_side, altered_sensorium"
paralysis (brain hemorrhage)," vomiting, headache, weakness_of_one_body_side, altered_sensorium"
peptic ulcer diseae," vomiting, indigestion, loss_of_appetite, abdominal_pain, passage_of_gases"
peptic ulcer diseae," vomiting, indigestion, loss_of_appetite, abdominal_pain, internal_itching"
peptic ulcer diseae," vomiting, indigestion, loss_of_appetite, abdominal_pain, passage_of_gases, internal_itching"
peptic ulcer diseae," vomiting, loss_of_appetite, abdominal_pain, passage_of_gases, internal_itching"
peptic ulcer diseae," vomiting, indigestion, loss_of_appetite, passage_of_gases, internal_itching"
peptic ulcer diseae," vomiting, indigestion, abdominal_pain, passage_of_gases, internal_itching"
peptic ulcer diseae," indigestion, loss_of_appetite, abdominal_pain, passage_of_gases, internal_itching"
pneumonia," chills, fatigue, cough, high_fever, breathlessness, sweating, phlegm, chest_pain, fast_heart_rate, rusty_sputum"
pneumonia," chills, fatigue, cough, high_fever, sweating, malaise, phlegm, chest_pain, fast_heart_rate, rusty_sputum"
pneumonia," chills, fatigue, cough, high_fever, breathlessness, malaise, phlegm, chest_pain, fast_heart_rate, rusty_sputum"
pneumonia," chills, fatigue, cough, breathlessness, sweating, malaise, phlegm, chest_pain, fast_heart_rate, rusty_sputum"
pneumonia," chills, fatigue, high_fever, breathlessness, sweating, malaise, phlegm, chest_pain, fast_heart_rate, rusty_sputum"
pneumonia," chills, cough, high_fever, breathlessness, sweating, malaise, phlegm, chest_pain, fast_heart_rate, rusty_sputum"
pneumonia," chills, fatigue, cough, high_fever, breathlessness, sweating, malaise, phlegm, chest_pain, fast_heart_rate, rusty_sputum"
pneumonia," fatigue, cough, high_fever, breathlessness, sweating, malaise, phlegm, chest_pain, fast_heart_rate, rusty_sputum"
pneumonia," chills, fatigue, cough, high_fever, breathlessness, sweating, malaise, chest_pain, fast_heart_rate, rusty_sputum"
psoriasis," skin_rash, joint_pain, skin_peeling, silver_like_dusting, small_dents_in_nails, inflammatory_nails"
psoriasis," skin_rash, joint_pain, skin_peeling, silver_like_dusting, inflammatory_nails"
psoriasis," skin_rash, joint_pain, skin_peeling, small_dents_in_nails, inflammatory_nails"
psoriasis," skin_rash, joint_pain, silver_like_dusting, small_dents_in_nails, inflammatory_nails"
psoriasis," skin_rash, skin_peeling, silver_like_dusting, small_dents_in_nails, inflammatory_nails"
psoriasis," joint_pain, skin_peeling, silver_like_dusting, small_dents_in_nails, inflammatory_nails"
psoriasis," skin_rash, joint_pain, skin_peeling, silver_like_dusting, small_dents_in_nails"
tuberculosis," chills, vomiting, weight_loss, cough, high_fever, breathlessness, sweating, loss_of_appetite, mild_fever, yellowing_of_eyes, swelled_lymph_nodes, malaise, phlegm, chest_pain, blood_in_sputum"
tuberculosis," chills, vomiting, fatigue, weight_loss, cough, high_fever, breathlessness, sweating, loss_of_appetite, mild_fever, yellowing_of_eyes, swelled_lymph_nodes, malaise, phlegm, chest_pain, blood_in_sputum"
tuberculosis," chills, vomiting, fatigue, weight_loss, cough, breathlessness, sweating, loss_of_appetite, mild_fever, yellowing_of_eyes, swelled_lymph_nodes, malaise, phlegm, chest_pain, blood_in_sputum"
tuberculosis," chills, fatigue, weight_loss, cough, high_fever, breathlessness, sweating, loss_of_appetite, mild_fever, yellowing_of_eyes, swelled_lymph_nodes, malaise, phlegm, chest_pain, blood_in_sputum"
tuberculosis," vomiting, fatigue, weight_loss, cough, high_fever, breathlessness, sweating, loss_of_appetite, mild_fever, yellowing_of_eyes, swelled_lymph_nodes, malaise, phlegm, chest_pain, blood_in_sputum"
tuberculosis," chills, vomiting, fatigue, weight_loss, cough, high_fever, breathlessness, loss_of_appetite, mild_fever, yellowing_of_eyes, swelled_lymph_nodes, malaise, phlegm, chest_pain, blood_in_sputum"
tuberculosis," chills, vomiting, fatigue, weight_loss, cough, high_fever, sweating, loss_of_appetite, mild_fever, yellowing_of_eyes, swelled_lymph_nodes, malaise, phlegm, chest_pain, blood_in_sputum"
tuberculosis," chills, vomiting, fatigue, cough, high_fever, breathlessness, sweating, loss_of_appetite, mild_fever, yellowing_of_eyes, swelled_lymph_nodes, malaise, phlegm, chest_pain, blood_in_sputum"
tuberculosis," chills, vomiting, fatigue, weight_loss, high_fever, breathlessness, sweating, loss_of_appetite, mild_fever, yellowing_of_eyes, swelled_lymph_nodes, malaise, phlegm, chest_pain, blood_in_sputum"
typhoid," chills, fatigue, high_fever, headache, nausea, constipation, abdominal_pain, diarrhoea, toxic_look_(typhos), belly_pain"
typhoid," chills, vomiting, fatigue, high_fever, headache, nausea, constipation, abdominal_pain, diarrhoea, toxic_look_(typhos)"
typhoid," chills, vomiting, fatigue, high_fever, headache, nausea, constipation, abdominal_pain, toxic_look_(typhos), belly_pain"
typhoid," chills, vomiting, fatigue, high_fever, headache, nausea, abdominal_pain, diarrhoea, toxic_look_(typhos), belly_pain"
typhoid," chills, vomiting, fatigue, high_fever, headache, nausea, constipation, abdominal_pain, diarrhoea, belly_pain"
typhoid," chills, vomiting, fatigue, high_fever, headache, nausea, constipation, abdominal_pain, diarrhoea, toxic_look_(typhos), belly_pain"
typhoid," chills, vomiting, fatigue, high_fever, nausea, constipation, abdominal_pain, diarrhoea, toxic_look_(typhos), belly_pain"
typhoid," chills, vomiting, fatigue, high_fever, headache, nausea, constipation, diarrhoea, toxic_look_(typhos), belly_pain"
typhoid," chills, vomiting, fatigue, high_fever, headache, constipation, abdominal_pain, diarrhoea, toxic_look_(typhos), belly_pain"
urinary tract infection," burning_micturition, bladder_discomfort, foul_smell_of urine"
urinary tract infection," burning_micturition, bladder_discomfort, continuous_feel_of_urine"
urinary tract infection," bladder_discomfort, foul_smell_of urine, continuous_feel_of_urine"
urinary tract infection," burning_micturition, foul_smell_of urine, continuous_feel_of_urine"
urinary tract infection," burning_micturition, bladder_discomfort, foul_smell_of urine, continuous_feel_of_urine"
varicose veins," fatigue, cramps, bruising, obesity, swollen_blood_vessels, prominent_veins_on_calf"
varicose veins," fatigue, cramps, bruising, swollen_legs, swollen_blood_vessels, prominent_veins_on_calf"
varicose veins," fatigue, cramps, obesity, swollen_legs, swollen_blood_vessels, prominent_veins_on_calf"
varicose veins," fatigue, bruising, obesity, swollen_legs, swollen_blood_vessels, prominent_veins_on_calf"
varicose veins," cramps, bruising, obesity, swollen_legs, swollen_blood_vessels, prominent_veins_on_calf"
varicose veins," fatigue, cramps, bruising, obesity, swollen_legs, swollen_blood_vessels, prominent_veins_on_calf"
varicose veins," fatigue, cramps, bruising, obesity, swollen_legs, swollen_blood_vessels"
varicose veins," fatigue, cramps, bruising, obesity, swollen_legs, prominent_veins_on_calf"
acanthamoebkeratitis,"pain,redness,inflammation in the eye"
acute appendicitis,"pain in the lower right abdomen,nausea,vomiting,fever"
acute kidney injury (aki) ,decreased kidney function
adenovirus,"fever,sore throat,cough,conjunctivitis,rash,pink eye"
aflatoxicosis,"vomiting,diarrhea,jaundice,liver damage,death"
alcoholism,"physical dependence on alcohol,tolerance to alcohol,withdrawal symptoms,impaired judgment,memory problems,liver damage,heart disease,cancer"
allergic rhinitis,"runny nose,sneezing,itchy eyes,itchy nose,throat,palate"
alzheimer's disease,"memory loss,confusion,difficulty thinking,changes in personality or behavior"
anemia,"fatigue,shortness of breath,pale skin,lightheadedness,dizziness"
anxiety disorder,"excessive worry,fear,anxiety that interfere with daily life"
aortic aneurysm,"bulge in the wall of the aorta,the largest artery in the body"
appendicitis,"pain in the lower right abdomen,nausea,vomiting,fever"
arthritis,"pain,stiffness,swelling,inflammation in the joints"
asperger syndrome,"difficulty with social interaction,repetitive behaviors,restricted interests"
asthma,"wheezing,shortness of breath,coughing,chest tightness"
atopic dermatitis,"itchy,red,inflamed skin"
bacterial meningitis,"fever,headache,stiff neck,nausea,vomiting,sensitivity to light"
bacterial meningitis ,"fever,headache,stiff neck,nausea,vomiting,sensitivity to light"
bipolar disorder,"extreme mood swings,from manito depression"
bladder cancer,"blood in the urine,pain or burning when urinating,frequent urination,urgency to urinate,incontinence"
blood clot,"pain,swelling,redness,warmth,tenderness in the affected area,shortness of breath,chest pain,difficulty breathing,coughing up blood"
bronchitis,"cough,mucus production,shortness of breath,chest pain"
bursitis,"pain,swelling,inflammation in bursa,which is small sac of fluid that cushions joints"
cancer,"lump,unexplained weight loss,fatigue,changes in bowel,bladder habits,persistent cough,indigestion,unexplained bleeding or discharge"
celiac disease,"diarrhea,bloating,weight loss,fatigue,abdominal pain"
cervical cancer,"abnormal pap test results,abnormal vaginal bleeding,pain during sex"
cervical cancer ,"abnormal pap test results,abnormal vaginal bleeding,pain during sex"
chickenpox,"rash,fever,headache,muscle aches,fatigue"
cholesterol,high levels of cholesterol in the blood
chronic kidney disease,"fatigue,shortness of breath,swelling,high blood pressure,changes in urination"
chronic obstructive pulmonary disease (copd),"chronic bronchitis,emphysema"
colorectal cancer,"change in bowel habits,such as diarrhea,constipation,narrowing of the stool,blood in the stool,abdominal pain,unexplained weight loss"
common cold,"runny nose,sneezing,sore throat,cough,congestion"
conjunctivitis,"red,itchy,watery eyes"
crohn's disease,"diarrhea,bloody stool,abdominal pain,weight loss"
dementia,"memory loss,confusion,difficulty thinking,changes in personality or behavior"
depression ,"sadness,hopelessness,loss of interest in activities,changes in appetite,sleep,energy levels"
diabetes,"increased thirst,frequent urination,unexplained weight loss,fatigue,blurred vision,cuts that are slow to heal"
diarrhea,"loose,watery stools"
eating disorder,disturbance in eating behavior that can lead to serious health problems
epilepsy,seizures
epilepsy ,seizures
erectile dysfunction,"difficulty getting,keeping an erection "
fever,elevated body temperature 
fibromyalgi,"widespread pain,fatigue,tenderness"
fibromyalgia,"widespread pain,fatigue,tenderness"
flu,"fever,cough,sore throat,runny or stuffy nose,muscle aches,headache,fatigue"
food poisoning,"nausea,vomiting,diarrhea,abdominal cramps"
gallstones,"pain in the upper right abdomen,nausea,vomiting,fever"
glaucoma,"increased pressure in the eye that can damage the optic nerve,lead to vision loss"
gonorrhea,"sexually transmitted infection that can cause burning during urination,discharge from the penis or vagina,pain in the lower abdomen"
graves' disease,"hyperthyroidism,which is an overactive thyroid"
hashimoto's thyroiditis ,"hypothyroidism,which is an underactive thyroid "
heart attack,"chest pain,shortness of breath,nausea,vomiting,lightheadedness,sweating"
heart disease,"chest pain,shortness of breath,fatigue,dizziness,fainting"
heart failure,condition in which the heart cannot pump blood as well as it should
hepatitis,inflammation of the liver
hepatitis a," joint_pain, vomiting, yellowish_skin, nausea, loss_of_appetite, abdominal_pain, diarrhoea, mild_fever, yellowing_of_eyes, muscle_pain"
hepatitis a," joint_pain, vomiting, yellowish_skin, dark_urine, loss_of_appetite, abdominal_pain, diarrhoea, mild_fever, yellowing_of_eyes, muscle_pain"
hepatitis a," joint_pain, vomiting, yellowish_skin, dark_urine, nausea, abdominal_pain, diarrhoea, mild_fever, yellowing_of_eyes, muscle_pain"
hepatitis a," joint_pain, vomiting, dark_urine, nausea, loss_of_appetite, abdominal_pain, diarrhoea, mild_fever, yellowing_of_eyes, muscle_pain"
hepatitis a," joint_pain, vomiting, yellowish_skin, dark_urine, nausea, loss_of_appetite, diarrhoea, mild_fever, yellowing_of_eyes, muscle_pain"
hepatitis a," vomiting, yellowish_skin, dark_urine, nausea, loss_of_appetite, abdominal_pain, diarrhoea, mild_fever, yellowing_of_eyes, muscle_pain"
hepatitis a," joint_pain, vomiting, yellowish_skin, dark_urine, nausea, loss_of_appetite, abdominal_pain, diarrhoea, mild_fever, yellowing_of_eyes, muscle_pain"
hepatitis a," joint_pain, yellowish_skin, dark_urine, nausea, loss_of_appetite, abdominal_pain, diarrhoea, mild_fever, yellowing_of_eyes, muscle_pain"
hepatitis a," joint_pain, vomiting, yellowish_skin, dark_urine, nausea, loss_of_appetite, abdominal_pain, mild_fever, yellowing_of_eyes, muscle_pain"
herpes,"sexually transmitted infection that can cause blisters on the genitals,mouth,other parts of the body"
influenza,"fever,cough,sore throat,runny or stuffy nose,muscle aches,headache,fatigue"
irritable bowel syndrome (ibs),"abdominal pain,bloating,constipation,diarrhea"
kidney disease,damage to the kidneys that can lead to kidney failure
kidney stones ,"pain in the lower back or side,nausea,vomiting,blood in the urine"
lung cancer,"cough that does not go away,shortness of breath,chest pain,unexplained weight loss,fatigue,blood in the sputum"
lung disease,"condition that affects the lungs,can make it difficult to breathe"
lupus,chronic autoimmune disease that can affect any part of the body
malaria,"fever,chills,sweating,headache,muscle aches,fatigue,vomiting,diarrhea"
measles,"fever,cough,runny nose,red eyes,sore throat,rash"
meningitis,"fever,headache,stiff neck,nausea,vomiting,sensitivity to light"
mononucleosis,"fever,sore throat,fatigue,swollen lymph nodes,rash"
parkinson's disease,"tremors,slow movement,stiffness,difficulty with balance,coordination "
peptic ulcer disease ,"pain in the upper abdomen,indigestion,nausea,vomiting"
peripheral artery disease,"pain,numbness,tingling in the arms or legs"
pneumonia,"fever,cough,shortness of breath,chest pain,fatigue"
prostate cancer,"difficulty urinating,blood in the urine,pain in the back or hips,erectile dysfunction"
rabies,"fever,headache,muscle aches,tingling at the bite site,difficulty swallowing,hydrophobia,aerophobia"
rheumatoid arthritis,"pain,swelling,stiffness in the joints"
salmonella,"fever,diarrhea,abdominal cramps,nausea,vomiting"
shingles,painful rash that follows nerve path
stomach cancer,"pain in the upper abdomen,indigestion,nausea,vomiting,weight loss"
stroke,"sudden weakness,numbness on one side of the body,difficulty speaking,confusion,trouble seeing in one eye,severe headache"
stroke,"sudden weakness,numbness on one side of the body,confusion,difficulty speaking,trouble seeing in one eye,severe headache"
thyroid cancer,"lump in the neck,hoarseness,fatigue,weight loss,unexplained heat intolerance,sensitivity to cold"
tuberculosis (tb),"cough that does not go away,fever,night sweats,weight loss,fatigue,chest pain"
ulcerative colitis,"diarrhea,bloody stool,abdominal pain,weight loss"
urinary tract infection (uti),"painful urination,burning,frequent urination,urgency to urinate,blood in the urine"
varicose veins,"swollen,twisted veins,usually in the legs"
vertigo," vomiting, nausea, spinning_movements, loss_of_balance, unsteadiness"
vertigo," vomiting, headache, nausea, spinning_movements, loss_of_balance"
vertigo," vomiting, headache, nausea, spinning_movements, unsteadiness"
tuberculosis," vomiting, headache, nausea, loss_of_balance, unsteadiness"
vertigo," vomiting, headache, spinning_movements, loss_of_balance, unsteadiness"
urinary tract infection," headache, nausea, spinning_movements, loss_of_balance, unsteadiness"
vertigo," vomiting, headache, nausea, spinning_movements, loss_of_balance, unsteadiness"
warts,"raised,rough growths on the skin"
warts ,"raised,rough growths on the skin"
yeast infection,"itching,burning,discharge from the vaginor penis"
